{
    "$schema": "https://schema.management.azure.com/schemas/2019-04-01/deploymentTemplate.json#",
    "contentVersion": "1.0.0.0",
    "parameters": {
        "location": {
            "type": "string"
        },
        "networkSecurityGroupName": {
            "type": "string"
        },
        "networkSecurityGroupRules": {
            "type": "array"
        },
        "subnetName": {
            "type": "string"
        },
        "virtualNetworkId": {
            "type": "string"
        },
        "virtualMachineName": {
            "type": "array"
        },
        "virtualMachineRG": {
            "type": "string"
        },
        "osDiskType": {
            "type": "string"
        },
        "virtualMachineSize": {
            "type": "string"
        },
        "adminUsername": {
            "type": "string"
        },
        "adminPassword": {
            "type": "securestring"
        },
        "diagnosticsStorageAccountName": {
            "type": "string"
        },
        "diagnosticsStorageAccountId": {
            "type": "string"
        },
        "availabilitySetName": {
            "type": "string"
        },
        "availabilitySetPlatformFaultDomainCount": {
            "type": "int"
        },
        "availabilitySetPlatformUpdateDomainCount": {
            "type": "int"
        },
        "backupVaultName": {
            "type": "string"
        },
        "backupFabricName": {
            "type": "string"
        },
        "backupVaultRGName": {
            "type": "string"
        },
        "backupVaultRGIsNew": {
            "type": "bool"
        },
        "backupPolicyName": {
            "type": "string"
        },
        "backupItemName": {
            "type": "string"
        }
    },
    "variables": {
        "nsgId": "[resourceId(resourceGroup().name, 'Microsoft.Network/networkSecurityGroups', parameters('networkSecurityGroupName'))]",
        "vnetId": "[parameters('virtualNetworkId')]",
        "subnetRef": "[concat(variables('vnetId'), '/subnets/', parameters('subnetName'))]"
    },
    "resources": [
        {
            "name": "[concat(parameters('virtualMachineName')[copyIndex()],'-NIC')]",
            "type": "Microsoft.Network/networkInterfaces",
            "apiVersion": "2019-07-01",
            "location": "[parameters('location')]",
            "dependsOn": [
                "[concat('Microsoft.Network/networkSecurityGroups/', parameters('networkSecurityGroupName'))]"
            ],
            "properties": {
                "ipConfigurations": [
                    {
                        "name": "ipconfig1",
                        "properties": {
                            "subnet": {
                                "id": "[variables('subnetRef')]"
                            },
                            "privateIPAllocationMethod": "Dynamic"
                        }
                    }
                ],
                "networkSecurityGroup": {
                    "id": "[variables('nsgId')]"
                }
            },
            "tags": {
                "billTO": "IT",
                "Environment": "Production",
                "projectName": "RDS"
            },
            "copy": {
                "name": "vmNICCopy",
                "count": "[length(parameters('virtualMachineName'))]"
            }
        },
        {
            "name": "[parameters('networkSecurityGroupName')]",
            "type": "Microsoft.Network/networkSecurityGroups",
            "apiVersion": "2019-02-01",
            "location": "[parameters('location')]",
            "properties": {
                "securityRules": "[parameters('networkSecurityGroupRules')]"
            },
            "tags": {
                "billTO": "IT",
                "Environment": "Production",
                "projectName": "RDS"
            }
        },
        {
            "name": "[concat(parameters('virtualMachineName')[copyIndex()])]",
            "type": "Microsoft.Compute/virtualMachines",
            "apiVersion": "2019-07-01",
            "location": "[parameters('location')]",
            "copy": {
                "name": "vmCopy",
                "count": "[length(parameters('virtualMachineName'))]"
            },
            "dependsOn": [
                "vmNICCopy",
                "[concat('Microsoft.Compute/availabilitySets/', parameters('availabilitySetName'))]"
            ],
            "properties": {
                "hardwareProfile": {
                    "vmSize": "[parameters('virtualMachineSize')]"
                },
                "storageProfile": {
                    "osDisk": {
                        "createOption": "fromImage",
                        "name": "[concat(parameters('virtualMachineName')[copyIndex()],'-osDisk')]",
                        "managedDisk": {
                            "storageAccountType": "[parameters('osDiskType')]"
                        }
                    },
                    "imageReference": {
                        "publisher": "MicrosoftWindowsServer",
                        "offer": "WindowsServer",
                        "sku": "2019-Datacenter",
                        "version": "latest"
                    }
                },
                "networkProfile": {
                    "networkInterfaces": [
                        {
                            "id": "[resourceId('Microsoft.Network/networkInterfaces', concat(parameters('virtualMachineName')[copyIndex()],'-NIC'))]"
                        }
                    ]
                },
                "osProfile": {
                    "computerName": "[concat(parameters('virtualMachineName')[copyIndex()])]",
                    "adminUsername": "[parameters('adminUsername')]",
                    "adminPassword": "[parameters('adminPassword')]",
                    "windowsConfiguration": {
                        "enableAutomaticUpdates": true,
                        "provisionVmAgent": true
                    }
                },
                "licenseType": "Windows_Server",
                "diagnosticsProfile": {
                    "bootDiagnostics": {
                        "enabled": true,
                        "storageUri": "[concat('https://', parameters('diagnosticsStorageAccountName'), '.blob.core.windows.net/')]"
                    }
                },
                "availabilitySet": {
                    "id": "[resourceId('Microsoft.Compute/availabilitySets', parameters('availabilitySetName'))]"
                }
            },

            "tags": {
                "billTO": "IT",
                "Environment": "Production",
                "projectName": "RDS"
            }
        },
        {
            "name": "[parameters('availabilitySetName')]",
            "type": "Microsoft.Compute/availabilitySets",
            "apiVersion": "2019-07-01",
            "location": "[parameters('location')]",
            "properties": {
                "platformFaultDomainCount": "[parameters('availabilitySetPlatformFaultDomainCount')]",
                "platformUpdateDomainCount": "[parameters('availabilitySetPlatformUpdateDomainCount')]"
            },
            "sku": {
                "name": "Aligned"
            },
            "tags": {
                "billTO": "IT",
                "Environment": "Production",
                "projectName": "RDS"
            }
        }
        
    ],
    "outputs": {
        "adminUsername": {
            "type": "string",
            "value": "[parameters('adminUsername')]"
        }
    }
}